Workbook

Sheet Como ler
A1: PSYRA AI · Gabarito de polaridade do questionário
A2: Instrumento: Formulário Psyra — NR-1 · 46 itens · 10 blocos (A–J)
A4: ATENÇÃO — este gabarito NÃO classifica pessoas como certas ou erradas.
A5: Não existe resposta correta num instrumento psicossocial. Quem responde relata a própria exposição ao risco — não acerta nem erra.
A6: Por isso as respostas são classificadas como MAIS NOCIVA (indica maior exposição) e MENOS NOCIVA (indica proteção), nunca como certa ou errada.
A7: Resultado individual jamais é divulgado: a leitura acontece por grupo (GHE) com no mínimo 5 respostas — exigência da NR-1 e da Resolução CFP 11/2018.
A9: Como a direção do item define a resposta mais nociva
A10: PROTETOR — a frase descreve algo bom (ex.: “Meu gestor me oferece suporte”). Concordar indica proteção; DISCORDAR TOTALMENTE (1) é a resposta mais nociva.
A11: RISCO — a frase descreve algo ruim (ex.: “Sinto-me sobrecarregado”). Discordar indica proteção; CONCORDAR TOTALMENTE (5) é a resposta mais nociva.
A13: Parâmetros da escala (as fórmulas do gabarito leem daqui)
B14: Rótulo | C14: Valor | D14: Contribuição se PROTETOR | E14: Contribuição se RISCO
B15: Discordo totalmente | C15: 1 | D15: =($C$21-C15)/($C$21-$C$20)*100 -> 100 | E15: =(C15-$C$20)/($C$21-$C$20)*100 -> 0
B16: Discordo parcialmente | C16: 2 | D16: =($C$21-C16)/($C$21-$C$20)*100 -> 75 | E16: =(C16-$C$20)/($C$21-$C$20)*100 -> 25
B17: Nem concordo nem discordo | C17: 3 | D17: =($C$21-C17)/($C$21-$C$20)*100 -> 50 | E17: =(C17-$C$20)/($C$21-$C$20)*100 -> 50
B18: Concordo parcialmente | C18: 4 | D18: =($C$21-C18)/($C$21-$C$20)*100 -> 25 | E18: =(C18-$C$20)/($C$21-$C$20)*100 -> 75
B19: Concordo totalmente | C19: 5 | D19: =($C$21-C19)/($C$21-$C$20)*100 -> 0 | E19: =(C19-$C$20)/($C$21-$C$20)*100 -> 100
B20: Mínimo da escala | C20: 1
B21: Máximo da escala | C21: 5
A23: Fórmula do índice (idêntica à do motor scoring.py): valor ajustado = 6 − resposta, quando o item é protetor; a média dos ajustados vai de 1–5 para 0–100.
A25: SELO PROVISÓRIO — validação pendente
A26: Itens transcritos automaticamente do export do formulário. O AGRUPAMENTO em blocos e a POLARIDADE de cada item são inferência técnica e precisam de validação da psicóloga CRP antes de qualquer uso em laudo ou PGR. Os itens do bloco J tocam sinais de saúde — coleta real exige CEP.
A29: Preencher: use as colunas “Validação CRP” e “Observação CRP” da aba Gabarito. Células em azul são entradas; as demais são calculadas.

Sheet Gabarito
A1: GABARITO DE POLARIDADE — Formulário Psyra (46 itens)
A2: PROVISÓRIO · polaridade inferida automaticamente do formulário — aguardando validação da psicóloga CRP. Não usar em laudo ou PGR antes disso.
A3: Código | B3: Bloco | C3: Dimensão | D3: Peso | E3: Item do questionário | F3: Direção | G3: Resposta MAIS nociva | H3: Resposta MENOS nociva | I3: 1 · Discordo totalmente | J3: 2 · Discordo parcialmente | K3: 3 · Nem concordo nem discordo | L3: 4 · Concordo parcialmente | M3: 5 · Concordo totalmente | N3: Validação CRP | O3: Observação CRP
A4: A1 | B4: A | C4: Apoio social e liderança | D4: 1.2 | E4: Meu gestor/supervisor me oferece suporte quando enfrento dificuldades no trabalho. | F4: Protetor | G4: =IF($F4="Protetor","1 · Discordo totalmente","5 · Concordo totalmente") -> 1 · Discordo totalmente | H4: =IF($F4="Protetor","5 · Concordo totalmente","1 · Discordo totalmente") -> 5 · Concordo totalmente | I4: =IF($F4="Protetor",(('Como ler'!$C$21-'Como ler'!$C$15)/('Como ler'!$C$21-'Como ler'!$C$20)*100),(('Como ler'!$C$15-'Como ler'!$C$20)/('Como ler'!$C$21-'Como ler'!$C$20)*100)) -> 100 | J4: =IF($F4="Protetor",(('Como ler'!$C$21-'Como ler'!$C$16)/('Como ler'!$C$21-'Como ler'!$C$20)*100),(('Como ler'!$C$16-'Como ler'!$C$20)/('Como ler'!$C$21-'Como ler'!$C$20)*100)) -> 75 | K4: =IF($F4="Protetor",(('Como ler'!$C$21-'Como ler'!$C$17)/('Como ler'!$C$21-'Como ler'!$C$20)*100),(('Como ler'!$C$17-'Como ler'!$C$20)/('Como ler'!$C$21-'Como ler'!$C$20)*100)) -> 50 | L4: =IF($F4="Protetor",(('Como ler'!$C$21-'Como ler'!$C$18)/('Como ler'!$C$21-'Como ler'!$C$20)*100),(('Como ler'!$C$18-'Como ler'!$C$20)/('Como ler'!$C$21-'Como ler'!$C$20)*100)) -> 25 | M4: =IF($F4="Protetor",(('Como ler'!$C$21-'Como ler'!$C$19)/('Como ler'!$C$21-'Como ler'!$C$20)*100),(('Como ler'!$C$19-'Como ler'!$C$20)/('Como ler'!$C$21-'Como ler'!$C$20)*100)) -> 0
A5: A2 | B5: A | C5: Apoio social e liderança | D5: 1.2 | E5: Meus colegas de trabalho estão disponíveis para me ajudar quando preciso | F5: Protetor | G5: =IF($F5="Protetor","1 · Discordo totalmente","5 · Concordo totalmente") -> 1 · Discordo totalmente | H5: =IF($F5="Protetor","5 · Concordo totalmente","1 · Discordo totalmente") -> 5 · Concordo totalmente | I5: =IF($F5="Protetor",(('Como ler'!$C$21-'Como ler'!$C$15)/('Como ler'!$C$21-'Como ler'!$C$20)*100),(('Como ler'!$C$15-'Como ler'!$C$20)/('Como ler'!$C$21-'Como ler'!$C$20)*100)) -> 100 | J5: =IF($F5="Protetor",(('Como ler'!$C$21-'Como ler'!$C$16)/('Como ler'!$C$21-'Como ler'!$C$20)*100),(('Como ler'!$C$16-'Como ler'!$C$20)/('Como ler'!$C$21-'Como ler'!$C$20)*100)) -> 75 | K5: =IF($F5="Protetor",(('Como ler'!$C$21-'Como ler'!$C$17)/('Como ler'!$C$21-'Como ler'!$C$20)*100),(('Como ler'!$C$17-'Como ler'!$C$20)/('Como ler'!$C$21-'Como ler'!$C$20)*100)) -> 50 | L5: =IF($F5="Protetor",(('Como ler'!$C$21-'Como ler'!$C$18)/('Como ler'!$C$21-'Como ler'!$C$20)*100),(('Como ler'!$C$18-'Como ler'!$C$20)/('Como ler'!$C$21-'Como ler'!$C$20)*100)) -> 25 | M5: =IF($F5="Protetor",(('Como ler'!$C$21-'Como ler'!$C$19)/('Como ler'!$C$21-'Como ler'!$C$20)*100),(('Como ler'!$C$19-'Como ler'!$C$20)/('Como ler'!$C$21-'Como ler'!$C$20)*100)) -> 0
A6: A3 | B6: A | C6: Apoio social e liderança | D6: 1.2 | E6: A organização disponibiliza recursos adequados para que eu realize minhas tarefas | F6: Protetor | G6: =IF($F6="Protetor","1 · Discordo totalmente","5 · Concordo totalmente") -> 1 · Discordo totalmente | H6: =IF($F6="Protetor","5 · Concordo totalmente","1 · Discordo totalmente") -> 5 · Concordo totalmente | I6: =IF($F6="Protetor",(('Como ler'!$C$21-'Como ler'!$C$15)/('Como ler'!$C$21-'Como ler'!$C$20)*100),(('Como ler'!$C$15-'Como ler'!$C$20)/('Como ler'!$C$21-'Como ler'!$C$20)*100)) -> 100 | J6: =IF($F6="Protetor",(('Como ler'!$C$21-'Como ler'!$C$16)/('Como ler'!$C$21-'Como ler'!$C$20)*100),(('Como ler'!$C$16-'Como ler'!$C$20)/('Como ler'!$C$21-'Como ler'!$C$20)*100)) -> 75 | K6: =IF($F6="Protetor",(('Como ler'!$C$21-'Como ler'!$C$17)/('Como ler'!$C$21-'Como ler'!$C$20)*100),(('Como ler'!$C$17-'Como ler'!$C$20)/('Como ler'!$C$21-'Como ler'!$C$20)*100)) -> 50 | L6: =IF($F6="Protetor",(('Como ler'!$C$21-'Como ler'!$C$18)/('Como ler'!$C$21-'Como ler'!$C$20)*100),(('Como ler'!$C$18-'Como ler'!$C$20)/('Como ler'!$C$21-'Como ler'!$C$20)*100)) -> 25 | M6: =IF($F6="Protetor",(('Como ler'!$C$21-'Como ler'!$C$19)/('Como ler'!$C$21-'Como ler'!$C$20)*100),(('Como ler'!$C$19-'Como ler'!$C$20)/('Como ler'!$C$21-'Como ler'!$C$20)*100)) -> 0
A7: A4 | B7: A | C7: Apoio social e liderança | D7: 1.2 | E7: Sinto que sou ouvido(a) quando apresento dificuldades ou sugestões dentro do meu departamento. | F7: Protetor | G7: =IF($F7="Protetor","1 · Discordo totalmente","5 · Concordo totalmente") -> 1 · Discordo totalmente | H7: =IF($F7="Protetor","5 · Concordo totalmente","1 · Discordo totalmente") -> 5 · Concordo totalmente | I7: =IF($F7="Protetor",(('Como ler'!$C$21-'Como ler'!$C$15)/('Como ler'!$C$21-'Como ler'!$C$20)*100),(('Como ler'!$C$15-'Como ler'!$C$20)/('Como ler'!$C$21-'Como ler'!$C$20)*100)) -> 100 | J7: =IF($F7="Protetor",(('Como ler'!$C$21-'Como ler'!$C$16)/('Como ler'!$C$21-'Como ler'!$C$20)*100),(('Como ler'!$C$16-'Como ler'!$C$20)/('Como ler'!$C$21-'Como ler'!$C$20)*100)) -> 75 | K7: =IF($F7="Protetor",(('Como ler'!$C$21-'Como ler'!$C$17)/('Como ler'!$C$21-'Como ler'!$C$20)*100),(('Como ler'!$C$17-'Como ler'!$C$20)/('Como ler'!$C$21-'Como ler'!$C$20)*100)) -> 50 | L7: =IF($F7="Protetor",(('Como ler'!$C$21-'Como ler'!$C$18)/('Como ler'!$C$21-'Como ler'!$C$20)*100),(('Como ler'!$C$18-'Como ler'!$C$20)/('Como ler'!$C$21-'Como ler'!$C$20)*100)) -> 25 | M7: =IF($F7="Protetor",(('Como ler'!$C$21-'Como ler'!$C$19)/('Como ler'!$C$21-'Como ler'!$C$20)*100),(('Como ler'!$C$19-'Como ler'!$C$20)/('Como ler'!$C$21-'Como ler'!$C$20)*100)) -> 0
A8: A5 | B8: A | C8: Apoio social e liderança | D8: 1.2 | E8: Sinto que sou ouvido(a) quando apresento dificuldades ou sugestões à empresa como um todo. | F8: Protetor | G8: =IF($F8="Protetor","1 · Discordo totalmente","5 · Concordo totalmente") -> 1 · Discordo totalmente | H8: =IF($F8="Protetor","5 · Concordo totalmente","1 · Discordo totalmente") -> 5 · Concordo totalmente | I8: =IF($F8="Protetor",(('Como ler'!$C$21-'Como ler'!$C$15)/('Como ler'!$C$21-'Como ler'!$C$20)*100),(('Como ler'!$C$15-'Como ler'!$C$20)/('Como ler'!$C$21-'Como ler'!$C$20)*100)) -> 100 | J8: =IF($F8="Protetor",(('Como ler'!$C$21-'Como ler'!$C$16)/('Como ler'!$C$21-'Como ler'!$C$20)*100),(('Como ler'!$C$16-'Como ler'!$C$20)/('Como ler'!$C$21-'Como ler'!$C$20)*100)) -> 75 | K8: =IF($F8="Protetor",(('Como ler'!$C$21-'Como ler'!$C$17)/('Como ler'!$C$21-'Como ler'!$C$20)*100),(('Como ler'!$C$17-'Como ler'!$C$20)/('Como ler'!$C$21-'Como ler'!$C$20)*100)) -> 50 | L8: =IF($F8="Protetor",(('Como ler'!$C$21-'Como ler'!$C$18)/('Como ler'!$C$21-'Como ler'!$C$20)*100),(('Como ler'!$C$18-'Como ler'!$C$20)/('Como ler'!$C$21-'Como ler'!$C$20)*100)) -> 25 | M8: =IF($F8="Protetor",(('Como ler'!$C$21-'Como ler'!$C$19)/('Como ler'!$C$21-'Como ler'!$C$20)*100),(('Como ler'!$C$19-'Como ler'!$C$20)/('Como ler'!$C$21-'Como ler'!$C$20)*100)) -> 0
A9: B1 | B9: B | C9: Autonomia e controle | D9: 1 | E9: Tenho liberdade para decidir como organizar e executar minhas tarefas diárias | F9: Protetor | G9: =IF($F9="Protetor","1 · Discordo totalmente","5 · Concordo totalmente") -> 1 · Discordo totalmente | H9: =IF($F9="Protetor","5 · Concordo totalmente","1 · Discordo totalmente") -> 5 · Concordo totalmente | I9: =IF($F9="Protetor",(('Como ler'!$C$21-'Como ler'!$C$15)/('Como ler'!$C$21-'Como ler'!$C$20)*100),(('Como ler'!$C$15-'Como ler'!$C$20)/('Como ler'!$C$21-'Como ler'!$C$20)*100)) -> 100 | J9: =IF($F9="Protetor",(('Como ler'!$C$21-'Como ler'!$C$16)/('Como ler'!$C$21-'Como ler'!$C$20)*100),(('Como ler'!$C$16-'Como ler'!$C$20)/('Como ler'!$C$21-'Como ler'!$C$20)*100)) -> 75 | K9: =IF($F9="Protetor",(('Como ler'!$C$21-'Como ler'!$C$17)/('Como ler'!$C$21-'Como ler'!$C$20)*100),(('Como ler'!$C$17-'Como ler'!$C$20)/('Como ler'!$C$21-'Como ler'!$C$20)*100)) -> 50 | L9: =IF($F9="Protetor",(('Como ler'!$C$21-'Como ler'!$C$18)/('Como ler'!$C$21-'Como ler'!$C$20)*100),(('Como ler'!$C$18-'Como ler'!$C$20)/('Como ler'!$C$21-'Como ler'!$C$20)*100)) -> 25 | M9: =IF($F9="Protetor",(('Como ler'!$C$21-'Como ler'!$C$19)/('Como ler'!$C$21-'Como ler'!$C$20)*100),(('Como ler'!$C$19-'Como ler'!$C$20)/('Como ler'!$C$21-'Como ler'!$C$20)*100)) -> 0
A10: B2 | B10: B | C10: Autonomia e controle | D10: 1 | E10: Posso influenciar as decisões que afetam diretamente meu trabalho | F10: Protetor | G10: =IF($F10="Protetor","1 · Discordo totalmente","5 · Concordo totalmente") -> 1 · Discordo totalmente | H10: =IF($F10="Protetor","5 · Concordo totalmente","1 · Discordo totalmente") -> 5 · Concordo totalmente | I10: =IF($F10="Protetor",(('Como ler'!$C$21-'Como ler'!$C$15)/('Como ler'!$C$21-'Como ler'!$C$20)*100),(('Como ler'!$C$15-'Como ler'!$C$20)/('Como ler'!$C$21-'Como ler'!$C$20)*100)) -> 100 | J10: =IF($F10="Protetor",(('Como ler'!$C$21-'Como ler'!$C$16)/('Como ler'!$C$21-'Como ler'!$C$20)*100),(('Como ler'!$C$16-'Como ler'!$C$20)/('Como ler'!$C$21-'Como ler'!$C$20)*100)) -> 75 | K10: =IF($F10="Protetor",(('Como ler'!$C$21-'Como ler'!$C$17)/('Como ler'!$C$21-'Como ler'!$C$20)*100),(('Como ler'!$C$17-'Como ler'!$C$20)/('Como ler'!$C$21-'Como ler'!$C$20)*100)) -> 50 | L10: =IF($F10="Protetor",(('Como ler'!$C$21-'Como ler'!$C$18)/('Como ler'!$C$21-'Como ler'!$C$20)*100),(('Como ler'!$C$18-'Como ler'!$C$20)/('Como ler'!$C$21-'Como ler'!$C$20)*100)) -> 25 | M10: =IF($F10="Protetor",(('Como ler'!$C$21-'Como ler'!$C$19)/('Como ler'!$C$21-'Como ler'!$C$20)*100),(('Como ler'!$C$19-'Como ler'!$C$20)/('Como ler'!$C$21-'Como ler'!$C$20)*100)) -> 0
A11: B3 | B11: B | C11: Autonomia e controle | D11: 1 | E11: Tenho autonomia para gerenciar meu próprio ritmo de trabalho | F11: Protetor | G11: =IF($F11="Protetor","1 · Discordo totalmente","5 · Concordo totalmente") -> 1 · Discordo totalmente | H11: =IF($F11="Protetor","5 · Concordo totalmente","1 · Discordo totalmente") -> 5 · Concordo totalmente | I11: =IF($F11="Protetor",(('Como ler'!$C$21-'Como ler'!$C$15)/('Como ler'!$C$21-'Como ler'!$C$20)*100),(('Como ler'!$C$15-'Como ler'!$C$20)/('Como ler'!$C$21-'Como ler'!$C$20)*100)) -> 100 | J11: =IF($F11="Protetor",(('Como ler'!$C$21-'Como ler'!$C$16)/('Como ler'!$C$21-'Como ler'!$C$20)*100),(('Como ler'!$C$16-'Como ler'!$C$20)/('Como ler'!$C$21-'Como ler'!$C$20)*100)) -> 75 | K11: =IF($F11="Protetor",(('Como ler'!$C$21-'Como ler'!$C$17)/('Como ler'!$C$21-'Como ler'!$C$20)*100),(('Como ler'!$C$17-'Como ler'!$C$20)/('Como ler'!$C$21-'Como ler'!$C$20)*100)) -> 50 | L11: =IF($F11="Protetor",(('Como ler'!$C$21-'Como ler'!$C$18)/('Como ler'!$C$21-'Como ler'!$C$20)*100),(('Como ler'!$C$18-'Como ler'!$C$20)/('Como ler'!$C$21-'Como ler'!$C$20)*100)) -> 25 | M11: =IF($F11="Protetor",(('Como ler'!$C$21-'Como ler'!$C$19)/('Como ler'!$C$21-'Como ler'!$C$20)*100),(('Como ler'!$C$19-'Como ler'!$C$20)/('Como ler'!$C$21-'Como ler'!$C$20)*100)) -> 0
A12: C1 | B12: C | C12: Clareza de papel e metas | D12: 1 | E12: Minhas responsabilidades e atribuições estão claramente definidas. | F12: Protetor | G12: =IF($F12="Protetor","1 · Discordo totalmente","5 · Concordo totalmente") -> 1 · Discordo totalmente | H12: =IF($F12="Protetor","5 · Concordo totalmente","1 · Discordo totalmente") -> 5 · Concordo totalmente | I12: =IF($F12="Protetor",(('Como ler'!$C$21-'Como ler'!$C$15)/('Como ler'!$C$21-'Como ler'!$C$20)*100),(('Como ler'!$C$15-'Como ler'!$C$20)/('Como ler'!$C$21-'Como ler'!$C$20)*100)) -> 100 | J12: =IF($F12="Protetor",(('Como ler'!$C$21-'Como ler'!$C$16)/('Como ler'!$C$21-'Como ler'!$C$20)*100),(('Como ler'!$C$16-'Como ler'!$C$20)/('Como ler'!$C$21-'Como ler'!$C$20)*100)) -> 75 | K12: =IF($F12="Protetor",(('Como ler'!$C$21-'Como ler'!$C$17)/('Como ler'!$C$21-'Como ler'!$C$20)*100),(('Como ler'!$C$17-'Como ler'!$C$20)/('Como ler'!$C$21-'Como ler'!$C$20)*100)) -> 50 | L12: =IF($F12="Protetor",(('Como ler'!$C$21-'Como ler'!$C$18)/('Como ler'!$C$21-'Como ler'!$C$20)*100),(('Como ler'!$C$18-'Como ler'!$C$20)/('Como ler'!$C$21-'Como ler'!$C$20)*100)) -> 25 | M12: =IF($F12="Protetor",(('Como ler'!$C$21-'Como ler'!$C$19)/('Como ler'!$C$21-'Como ler'!$C$20)*100),(('Como ler'!$C$19-'Como ler'!$C$20)/('Como ler'!$C$21-'Como ler'!$C$20)*100)) -> 0
A13: C2 | B13: C | C13: Clareza de papel e metas | D13: 1 | E13: Sei exatamente o que é esperado de mim no desempenho do meu cargo. | F13: Protetor | G13: =IF($F13="Protetor","1 · Discordo totalmente","5 · Concordo totalmente") -> 1 · Discordo totalmente | H13: =IF($F13="Protetor","5 · Concordo totalmente","1 · Discordo totalmente") -> 5 · Concordo totalmente | I13: =IF($F13="Protetor",(('Como ler'!$C$21-'Como ler'!$C$15)/('Como ler'!$C$21-'Como ler'!$C$20)*100),(('Como ler'!$C$15-'Como ler'!$C$20)/('Como ler'!$C$21-'Como ler'!$C$20)*100)) -> 100 | J13: =IF($F13="Protetor",(('Como ler'!$C$21-'Como ler'!$C$16)/('Como ler'!$C$21-'Como ler'!$C$20)*100),(('Como ler'!$C$16-'Como ler'!$C$20)/('Como ler'!$C$21-'Como ler'!$C$20)*100)) -> 75 | K13: =IF($F13="Protetor",(('Como ler'!$C$21-'Como ler'!$C$17)/('Como ler'!$C$21-'Como ler'!$C$20)*100),(('Como ler'!$C$17-'Como ler'!$C$20)/('Como ler'!$C$21-'Como ler'!$C$20)*100)) -> 50 | L13: =IF($F13="Protetor",(('Como ler'!$C$21-'Como ler'!$C$18)/('Como ler'!$C$21-'Como ler'!$C$20)*100),(('Como ler'!$C$18-'Como ler'!$C$20)/('Como ler'!$C$21-'Como ler'!$C$20)*100)) -> 25 | M13: =IF($F13="Protetor",(('Como ler'!$C$21-'Como ler'!$C$19)/('Como ler'!$C$21-'Como ler'!$C$20)*100),(('Como ler'!$C$19-'Como ler'!$C$20)/('Como ler'!$C$21-'Como ler'!$C$20)*100)) -> 0
A14: C3 | B14: C | C14: Clareza de papel e metas | D14: 1 | E14: As metas e objetivos do meu trabalho são comunicados de forma clara e objetiva | F14: Protetor | G14: =IF($F14="Protetor","1 · Discordo totalmente","5 · Concordo totalmente") -> 1 · Discordo totalmente | H14: =IF($F14="Protetor","5 · Concordo totalmente","1 · Discordo totalmente") -> 5 · Concordo totalmente | I14: =IF($F14="Protetor",(('Como ler'!$C$21-'Como ler'!$C$15)/('Como ler'!$C$21-'Como ler'!$C$20)*100),(('Como ler'!$C$15-'Como ler'!$C$20)/('Como ler'!$C$21-'Como ler'!$C$20)*100)) -> 100 | J14: =IF($F14="Protetor",(('Como ler'!$C$21-'Como ler'!$C$16)/('Como ler'!$C$21-'Como ler'!$C$20)*100),(('Como ler'!$C$16-'Como ler'!$C$20)/('Como ler'!$C$21-'Como ler'!$C$20)*100)) -> 75 | K14: =IF($F14="Protetor",(('Como ler'!$C$21-'Como ler'!$C$17)/('Como ler'!$C$21-'Como ler'!$C$20)*100),(('Como ler'!$C$17-'Como ler'!$C$20)/('Como ler'!$C$21-'Como ler'!$C$20)*100)) -> 50 | L14: =IF($F14="Protetor",(('Como ler'!$C$21-'Como ler'!$C$18)/('Como ler'!$C$21-'Como ler'!$C$20)*100),(('Como ler'!$C$18-'Como ler'!$C$20)/('Como ler'!$C$21-'Como ler'!$C$20)*100)) -> 25 | M14: =IF($F14="Protetor",(('Como ler'!$C$21-'Como ler'!$C$19)/('Como ler'!$C$21-'Como ler'!$C$20)*100),(('Como ler'!$C$19-'Como ler'!$C$20)/('Como ler'!$C$21-'Como ler'!$C$20)*100)) -> 0
A15: C4 | B15: C | C15: Clareza de papel e metas | D15: 1 | E15: Considero que o trabalho que desenvolvo corresponde às atribuições do meu cargo e às metas estabelecidas, com qualidade compatível com as minhas funções. | F15: Protetor | G15: =IF($F15="Protetor","1 · Discordo totalmente","5 · Concordo totalmente") -> 1 · Discordo totalmente | H15: =IF($F15="Protetor","5 · Concordo totalmente","1 · Discordo totalmente") -> 5 · Concordo totalmente | I15: =IF($F15="Protetor",(('Como ler'!$C$21-'Como ler'!$C$15)/('Como ler'!$C$21-'Como ler'!$C$20)*100),(('Como ler'!$C$15-'Como ler'!$C$20)/('Como ler'!$C$21-'Como ler'!$C$20)*100)) -> 100 | J15: =IF($F15="Protetor",(('Como ler'!$C$21-'Como ler'!$C$16)/('Como ler'!$C$21-'Como ler'!$C$20)*100),(('Como ler'!$C$16-'Como ler'!$C$20)/('Como ler'!$C$21-'Como ler'!$C$20)*100)) -> 75 | K15: =IF($F15="Protetor",(('Como ler'!$C$21-'Como ler'!$C$17)/('Como ler'!$C$21-'Como ler'!$C$20)*100),(('Como ler'!$C$17-'Como ler'!$C$20)/('Como ler'!$C$21-'Como ler'!$C$20)*100)) -> 50 | L15: =IF($F15="Protetor",(('Como ler'!$C$21-'Como ler'!$C$18)/('Como ler'!$C$21-'Como ler'!$C$20)*100),(('Como ler'!$C$18-'Como ler'!$C$20)/('Como ler'!$C$21-'Como ler'!$C$20)*100)) -> 25 | M15: =IF($F15="Protetor",(('Como ler'!$C$21-'Como ler'!$C$19)/('Como ler'!$C$21-'Como ler'!$C$20)*100),(('Como ler'!$C$19-'Como ler'!$C$20)/('Como ler'!$C$21-'Como ler'!$C$20)*100)) -> 0
... A49: J8 | B49: J | C49: Sinais de saúde e esgotamento | D49: 1.3 | E49: Nos últimos meses, percebi alterações em minha saúde física | F49: Risco | G49: =IF($F49="Protetor","1 · Discordo totalmente","5 · Concordo totalmente") -> 5 · Concordo totalmente | H49: =IF($F49="Protetor","5 · Concordo totalmente","1 · Discordo totalmente") -> 1 · Discordo totalmente | I49: =IF($F49="Protetor",(('Como ler'!$C$21-'Como ler'!$C$15)/('Como ler'!$C$21-'Como ler'!$C$20)*100),(('Como ler'!$C$15-'Como ler'!$C$20)/('Como ler'!$C$21-'Como ler'!$C$20)*100)) -> 0 | J49: =IF($F49="Protetor",(('Como ler'!$C$21-'Como ler'!$C$16)/('Como ler'!$C$21-'Como ler'!$C$20)*100),(('Como ler'!$C$16-'Como ler'!$C$20)/('Como ler'!$C$21-'Como ler'!$C$20)*100)) -> 25 | K49: =IF($F49="Protetor",(('Como ler'!$C$21-'Como ler'!$C$17)/('Como ler'!$C$21-'Como ler'!$C$20)*100),(('Como ler'!$C$17-'Como ler'!$C$20)/('Como ler'!$C$21-'Como ler'!$C$20)*100)) -> 50 | L49: =IF($F49="Protetor",(('Como ler'!$C$21-'Como ler'!$C$18)/('Como ler'!$C$21-'Como ler'!$C$20)*100),(('Como ler'!$C$18-'Como ler'!$C$20)/('Como ler'!$C$21-'Como ler'!$C$20)*100)) -> 75 | M49: =IF($F49="Protetor",(('Como ler'!$C$21-'Como ler'!$C$19)/('Como ler'!$C$21-'Como ler'!$C$20)*100),(('Como ler'!$C$19-'Como ler'!$C$20)/('Como ler'!$C$21-'Como ler'!$C$20)*100)) -> 100

Sheet Resumo por bloco
A1: RESUMO POR DIMENSÃO
A3: Bloco | B3: Dimensão | C3: Peso | D3: Itens | E3: Protetores | F3: De risco | G3: Polaridade mista | H3: Ação sugerida quando o risco é alto
A4: A | B4: Apoio social e liderança | C4: 1.2 | D4: =COUNTIF(Gabarito!$B:$B,A4) -> 5 | E4: =COUNTIFS(Gabarito!$B:$B,A4,Gabarito!$F:$F,"Protetor") -> 5 | F4: =COUNTIFS(Gabarito!$B:$B,A4,Gabarito!$F:$F,"Risco") -> 0 | G4: =IF(AND(E4>0,F4>0),"Sim","Não") -> Não | H4: Capacitar lideranças em escuta e criar canal de reporte sem retaliação.
A5: B | B5: Autonomia e controle | C5: 1 | D5: =COUNTIF(Gabarito!$B:$B,A5) -> 3 | E5: =COUNTIFS(Gabarito!$B:$B,A5,Gabarito!$F:$F,"Protetor") -> 3 | F5: =COUNTIFS(Gabarito!$B:$B,A5,Gabarito!$F:$F,"Risco") -> 0 | G5: =IF(AND(E5>0,F5>0),"Sim","Não") -> Não | H5: Ampliar margem de decisão do grupo sobre método e ritmo de trabalho.
A6: C | B6: Clareza de papel e metas | C6: 1 | D6: =COUNTIF(Gabarito!$B:$B,A6) -> 4 | E6: =COUNTIFS(Gabarito!$B:$B,A6,Gabarito!$F:$F,"Protetor") -> 4 | F6: =COUNTIFS(Gabarito!$B:$B,A6,Gabarito!$F:$F,"Risco") -> 0 | G6: =IF(AND(E6>0,F6>0),"Sim","Não") -> Não | H6: Publicar descrição de papel e critérios de avaliação por função.
A7: D | B7: Carga de trabalho | C7: 1.2 | D7: =COUNTIF(Gabarito!$B:$B,A7) -> 4 | E7: =COUNTIFS(Gabarito!$B:$B,A7,Gabarito!$F:$F,"Protetor") -> 2 | F7: =COUNTIFS(Gabarito!$B:$B,A7,Gabarito!$F:$F,"Risco") -> 2 | G7: =IF(AND(E7>0,F7>0),"Sim","Não") -> Sim | H7: Revisar dimensionamento de equipe e distribuição de metas do grupo.
A8: E | B8: Reconhecimento e recompensa | C8: 1 | D8: =COUNTIF(Gabarito!$B:$B,A8) -> 3 | E8: =COUNTIFS(Gabarito!$B:$B,A8,Gabarito!$F:$F,"Protetor") -> 3 | F8: =COUNTIFS(Gabarito!$B:$B,A8,Gabarito!$F:$F,"Risco") -> 0 | G8: =IF(AND(E8>0,F8>0),"Sim","Não") -> Não | H8: Revisar política de reconhecimento e trilha de desenvolvimento.
A9: F | B9: Relações interpessoais e assédio | C9: 1.4 | D9: =COUNTIF(Gabarito!$B:$B,A9) -> 4 | E9: =COUNTIFS(Gabarito!$B:$B,A9,Gabarito!$F:$F,"Protetor") -> 4 | F9: =COUNTIFS(Gabarito!$B:$B,A9,Gabarito!$F:$F,"Risco") -> 0 | G9: =IF(AND(E9>0,F9>0),"Sim","Não") -> Não | H9: Acionar comitê de ética; reforçar canal de denúncia e protocolo antiassédio.
A10: G | B10: Justiça organizacional | C10: 1.1 | D10: =COUNTIF(Gabarito!$B:$B,A10) -> 3 | E10: =COUNTIFS(Gabarito!$B:$B,A10,Gabarito!$F:$F,"Protetor") -> 3 | F10: =COUNTIFS(Gabarito!$B:$B,A10,Gabarito!$F:$F,"Risco") -> 0 | G10: =IF(AND(E10>0,F10>0),"Sim","Não") -> Não | H10: Tornar públicos os critérios de promoção e a aplicação das políticas.
A11: H | B11: Comunicação e recursos | C11: 0.9 | D11: =COUNTIF(Gabarito!$B:$B,A11) -> 3 | E11: =COUNTIFS(Gabarito!$B:$B,A11,Gabarito!$F:$F,"Protetor") -> 3 | F11: =COUNTIFS(Gabarito!$B:$B,A11,Gabarito!$F:$F,"Risco") -> 0 | G11: =IF(AND(E11>0,F11>0),"Sim","Não") -> Não | H11: Revisar ferramentas e fluxo de informação necessários à operação.
A12: I | B12: Equilíbrio trabalho-vida | C12: 1.1 | D12: =COUNTIF(Gabarito!$B:$B,A12) -> 9 | E12: =COUNTIFS(Gabarito!$B:$B,A12,Gabarito!$F:$F,"Protetor") -> 6 | F12: =COUNTIFS(Gabarito!$B:$B,A12,Gabarito!$F:$F,"Risco") -> 3 | G12: =IF(AND(E12>0,F12>0),"Sim","Não") -> Sim | H12: Definir política de desconexão e limites de acionamento fora da jornada.
A13: J | B13: Sinais de saúde e esgotamento | C13: 1.3 | D13: =COUNTIF(Gabarito!$B:$B,A13) -> 8 | E13: =COUNTIFS(Gabarito!$B:$B,A13,Gabarito!$F:$F,"Protetor") -> 0 | F13: =COUNTIFS(Gabarito!$B:$B,A13,Gabarito!$F:$F,"Risco") -> 8 | G13: =IF(AND(E13>0,F13>0),"Sim","Não") -> Não | H13: Encaminhar avaliação clínica coletiva com a psicóloga responsável (CRP).
B14: TOTAL | D14: =SUM(D4:D13) -> 46 | E14: =SUM(E4:E13) -> 33 | F14: =SUM(F4:F13) -> 13
A16: Blocos com polaridade mista exigem inversão item a item, nunca por bloco — aplicar a inversão no bloco inteiro inverte o resultado dos itens de direção contrária.
